,name,AP,R@10,R@1000,nDCG@10,nDCG@1000
0,bm25,0.20598055843335278,0.11122429443529336,0.7589705014718495,0.3014540297638132,0.49162726959542996
1,bm25_rm3,0.23229798587417735,0.11759281354978214,0.8081278195051136,0.32118256894088565,0.5243079873506098
2,bm25_splade,0.1857917168923796,0.10507800340666952,0.7098234200018719,0.27993912360112105,0.4516363330877726
3,bm25_rm3_t5,0.29495011444809666,0.15072837322927968,0.8081278195051136,0.4379429675062893,0.5984421062375885
